Subject,CreationTime,IncidentNumber
,,
,,
,,
,,
,,
,,
,,
,,
,,
,,
,,
,,
,,
,,
,,
,,
,,
,,
,,
INC000007163171 has been assigned to your group. Critical Remote Desktop Support.,05-02-2022 18:47,INC000007163171
INC000007163169 has been assigned to your group. Critical Remote Desktop Support.,05-02-2022 18:22,INC000007163169
INC000007163003 has been assigned to your group. Critical Remote Desktop Support.,06-02-2022 22:37,INC000007163003
INC000007163174 has been assigned to your group. Critical Remote Desktop Support.,05-02-2022 20:23,INC000007163174
INC000007162713 has been assigned to your group. Critical Remote Desktop Support.,05-02-2022 19:27,INC000007162713
INC000007157079 has been assigned to your group. Critical Remote Desktop Support.,30-01-2022 20:43,INC000007157079
INC000007161774 has been assigned to your group. Critical Remote Desktop Support.,04-02-2022 05:52,INC000007161774
INC000007161589 has been assigned to your group. Critical Remote Desktop Support.,04-02-2022 03:56,INC000007161589
INC000007163180 has been assigned to your group. Critical Remote Desktop Support.,05-02-2022 23:25,INC000007163180
INC000007165572 has been assigned to your group. Critical Remote Desktop Support.,08-02-2022 18:47,INC000007165572
INC000007166079 has been assigned to your group. Critical Remote Desktop Support.,09-02-2022 02:57,INC000007166079
INC000007166078 has been assigned to your group. Critical Remote Desktop Support.,09-02-2022 02:57,INC000007166078
